codigo_producto,descripcion,stock_actual,dias_con_ventas,venta_promedio_diaria,dias_inventario_disponible,alerta_stock
703102912177,LECHE EN POLVO 400G,27.0,10,1.63,17.121805693466253,CRÍTICO
703102912177,LECHE EN POLVO 400G,20.0,9,1.4,14.501056347656352,CRÍTICO
703102912177,LECHE EN POLVO 400G,27.0,9,1.52,18.071908852815767,CRÍTICO
703102912177,LECHE EN POLVO 400G,25.0,8,1.47,17.055081153486718,CRÍTICO
703102912177,LECHE EN POLVO 400G,8.0,8,1.08,7.798550883290538,CRÍTICO
703102912177,LECHE EN POLVO 400G,30.0,9,1.65,18.388384977349666,CRÍTICO
703102912177,LECHE EN POLVO 400G,13.0,11,1.03,13.09013362873476,CRÍTICO
703102912177,LECHE EN POLVO 400G,22.0,8,1.29,17.111602327460936,CRÍTICO
703102912177,LECHE EN POLVO 400G,30.0,10,1.63,18.4413694988524,CRÍTICO
703102912177,LECHE EN POLVO 400G,13.0,9,1.39,9.770052124577958,CRÍTICO
703102912177,LECHE EN POLVO 400G,6.0,10,1.04,6.650778867915151,CRÍTICO
703102912177,LECHE EN POLVO 400G,9.0,9,1.12,8.419027438129126,CRÍTICO
703102912177,LECHE EN POLVO 400G,19.0,8,1.7,11.406616829393844,CRÍTICO
703102912177,LECHE EN POLVO 400G,29.0,8,1.71,17.270221488837397,CRÍTICO
703102912177,LECHE EN POLVO 400G,22.0,8,1.26,17.910958748845154,CRÍTICO
703102912177,LECHE EN POLVO 400G,7.0,11,1.39,5.104281957967861,CRÍTICO
703102912177,LECHE EN POLVO 400G,14.0,11,1.12,12.661209538663485,CRÍTICO
703102912177,LECHE EN POLVO 400G,17.0,9,1.52,11.261165047231685,CRÍTICO
703102912177,LECHE EN POLVO 400G,13.0,11,1.59,8.331617157060954,CRÍTICO
703102912177,LECHE EN POLVO 400G,11.0,10,1.74,6.797980510005242,CRÍTICO
703102912177,LECHE EN POLVO 400G,17.0,11,1.7,10.06422757105442,CRÍTICO
703102912177,LECHE EN POLVO 400G,33.0,10,1.77,19.143645558687787,CRÍTICO
703102912177,LECHE EN POLVO 400G,11.0,8,1.16,9.848043980311328,CRÍTICO
703102912177,LECHE EN POLVO 400G,18.0,11,1.43,12.781859326150492,CRÍTICO
703102912177,LECHE EN POLVO 400G,20.0,10,1.29,15.545284383427667,CRÍTICO
703102912177,LECHE EN POLVO 400G,10.0,11,0.99,10.45444403568941,CRÍTICO
703102912177,LECHE EN POLVO 400G,34.0,8,1.76,19.57673124081441,CRÍTICO
703102912177,LECHE EN POLVO 400G,32.0,10,1.68,19.43670942413167,CRÍTICO
703102912177,LECHE EN POLVO 400G,13.0,9,1.59,8.776734437380462,CRÍTICO
703102912177,LECHE EN POLVO 400G,15.0,9,1.27,12.45872758838578,CRÍTICO
703102912177,LECHE EN POLVO 400G,12.0,11,1.34,9.513174647251546,CRÍTICO
703102912177,LECHE EN POLVO 400G,9.0,10,1.06,9.272607415662014,CRÍTICO
703102912177,LECHE EN POLVO 400G,9.0,10,1.67,5.553304210317992,CRÍTICO
703102912177,LECHE EN POLVO 400G,22.0,9,1.61,14.143465009698453,CRÍTICO
703102912177,LECHE EN POLVO 400G,12.0,8,1.03,12.540185348432923,CRÍTICO
703102912177,LECHE EN POLVO 400G,9.0,9,1.69,5.77218126874984,CRÍTICO
703377007955,GEL ALCOHÓLICO 100ML,57.0,32,1.9,30.402859621168943,BAJO
703377007955,GEL ALCOHÓLICO 100ML,50.0,30,1.88,26.90590768977827,CRÍTICO
703377007955,GEL ALCOHÓLICO 100ML,59.0,27,1.82,32.83364890082207,BAJO
703377007955,GEL ALCOHÓLICO 100ML,73.0,24,2.01,36.54990329647916,BAJO
703377007955,GEL ALCOHÓLICO 100ML,53.0,24,1.91,28.23731541245265,CRÍTICO
703377007955,GEL ALCOHÓLICO 100ML,48.0,26,1.41,34.343357137285004,BAJO
703377007955,GEL ALCOHÓLICO 100ML,30.0,24,1.16,26.28021197490652,CRÍTICO
703377007955,GEL ALCOHÓLICO 100ML,30.0,29,1.2,25.775225817529115,CRÍTICO
703377007955,GEL ALCOHÓLICO 100ML,53.0,31,1.62,32.97031947352222,BAJO
703377007955,GEL ALCOHÓLICO 100ML,43.0,31,1.32,33.1095268241516,BAJO
703377007955,GEL ALCOHÓLICO 100ML,50.0,33,1.47,34.5614485224731,BAJO
703377007955,GEL ALCOHÓLICO 100ML,69.0,28,1.93,35.891370005839924,BAJO
703377007955,GEL ALCOHÓLICO 100ML,56.0,26,1.43,39.63778119193802,BAJO
703377007955,GEL ALCOHÓLICO 100ML,49.0,35,1.52,32.74450522451793,BAJO
703377007955,GEL ALCOHÓLICO 100ML,41.0,31,1.38,29.84434709411869,CRÍTICO
703377007955,GEL ALCOHÓLICO 100ML,69.0,26,1.89,36.92779292153055,BAJO
703377007955,GEL ALCOHÓLICO 100ML,41.0,32,1.43,29.062483768931113,CRÍTICO
703377007955,GEL ALCOHÓLICO 100ML,61.0,28,1.95,31.584571310584543,BAJO
703377007955,GEL ALCOHÓLICO 100ML,31.0,32,1.21,26.17684572013399,CRÍTICO
703377007955,GEL ALCOHÓLICO 100ML,32.0,30,1.27,25.380261151231863,CRÍTICO
703377007955,GEL ALCOHÓLICO 100ML,58.0,30,1.49,39.43972622016888,BAJO
703377007955,GEL ALCOHÓLICO 100ML,55.0,35,1.49,37.53970180768309,BAJO
703377007955,GEL ALCOHÓLICO 100ML,57.0,31,1.62,35.43961309140547,BAJO
703377007955,GEL ALCOHÓLICO 100ML,56.0,30,1.81,31.134294166214048,BAJO
703377007955,GEL ALCOHÓLICO 100ML,38.0,33,1.41,27.599414801062686,CRÍTICO
703377007955,GEL ALCOHÓLICO 100ML,54.0,33,1.99,27.346555640066292,CRÍTICO
703377007955,GEL ALCOHÓLICO 100ML,37.0,32,1.29,28.75364347246893,CRÍTICO
703377007955,GEL ALCOHÓLICO 100ML,57.0,32,1.72,33.23839997059181,BAJO
703377007955,GEL ALCOHÓLICO 100ML,45.0,28,1.28,35.71893884050093,BAJO
703377007955,GEL ALCOHÓLICO 100ML,40.0,35,1.17,34.90296065076597,BAJO
703377007955,GEL ALCOHÓLICO 100ML,38.0,31,1.32,29.19900845418914,CRÍTICO
703377007955,GEL ALCOHÓLICO 100ML,60.0,35,1.54,39.32297920994791,BAJO
703377007955,GEL ALCOHÓLICO 100ML,67.0,32,1.86,36.068453750436525,BAJO
703377007955,GEL ALCOHÓLICO 100ML,54.0,28,1.65,33.31531078767101,BAJO
703377007955,GEL ALCOHÓLICO 100ML,60.0,32,1.77,34.17581119351529,BAJO
703377007955,GEL ALCOHÓLICO 100ML,43.0,33,1.38,31.29400093641685,BAJO
707037023369,MEMORIA SD 32GB,292.0,16,2.04,143.17870346756968,EXCESO
707037023369,MEMORIA SD 32GB,156.0,12,1.36,115.36766607135,EXCESO
707037023369,MEMORIA SD 32GB,248.0,13,1.8,137.8520226275419,EXCESO
707037023369,MEMORIA SD 32GB,143.0,16,1.4,102.40347207214282,EXCESO
707037023369,MEMORIA SD 32GB,188.0,15,1.32,142.68662599473402,EXCESO
707037023369,MEMORIA SD 32GB,157.0,15,1.47,107.24411751139142,EXCESO
707037023369,MEMORIA SD 32GB,124.0,12,1.54,80.75863560362089,EXCESO
707037023369,MEMORIA SD 32GB,242.0,12,1.69,143.37673834934844,EXCESO
707037023369,MEMORIA SD 32GB,159.0,13,1.85,86.39006737502935,EXCESO
707037023369,MEMORIA SD 32GB,184.0,12,1.8,102.35195463132904,EXCESO
707037023369,MEMORIA SD 32GB,216.0,17,1.48,146.50433769355635,EXCESO
707037023369,MEMORIA SD 32GB,281.0,13,1.92,146.54250028562893,EXCESO
707037023369,MEMORIA SD 32GB,211.0,15,1.76,120.14065216863003,EXCESO
707037023369,MEMORIA SD 32GB,182.0,16,1.47,124.22860485188595,EXCESO
707037023369,MEMORIA SD 32GB,196.0,17,1.76,111.39118653848239,EXCESO
707037023369,MEMORIA SD 32GB,159.0,14,1.59,100.52475401886451,EXCESO
707037023369,MEMORIA SD 32GB,133.0,14,1.3,103.00651817589412,EXCESO
707037023369,MEMORIA SD 32GB,157.0,12,1.24,127.0762919253927,EXCESO
707037023369,MEMORIA SD 32GB,230.0,15,1.74,132.6662170606376,EXCESO
707037023369,MEMORIA SD 32GB,249.0,16,1.84,135.4105330608094,EXCESO
707037023369,MEMORIA SD 32GB,251.0,13,1.86,135.27326999561876,EXCESO
707037023369,MEMORIA SD 32GB,139.0,14,1.61,86.38442721340833,EXCESO
707037023369,MEMORIA SD 32GB,213.0,12,1.86,114.6094213291807,EXCESO
707037023369,MEMORIA SD 32GB,161.0,12,1.92,84.0291132011651,EXCESO
707037023369,MEMORIA SD 32GB,238.0,14,2.01,118.46702176266149,EXCESO
707037023369,MEMORIA SD 32GB,149.0,14,1.35,110.90713509613639,EXCESO
707037023369,MEMORIA SD 32GB,221.0,14,1.56,142.13929279308098,EXCESO
707037023369,MEMORIA SD 32GB,173.0,13,1.66,104.5640508786455,EXCESO
707037023369,MEMORIA SD 32GB,116.0,14,1.32,88.19469114993241,EXCESO
707037023369,MEMORIA SD 32GB,111.0,14,1.24,90.0094177436985,EXCESO
707037023369,MEMORIA SD 32GB,202.0,16,1.52,133.30574422022306,EXCESO
707037023369,MEMORIA SD 32GB,184.0,12,1.5,123.27526443213827,EXCESO
707037023369,MEMORIA SD 32GB,152.0,13,1.75,87.07858732859532,EXCESO
707037023369,MEMORIA SD 32GB,112.0,16,1.31,85.88747642804982,EXCESO
707037023369,MEMORIA SD 32GB,232.0,12,1.8,129.0678392021384,EXCESO
707037023369,MEMORIA SD 32GB,164.0,17,1.93,85.09341044549355,EXCESO
715073335721,DETERGENTE ARIEL 500G,138.0,19,1.06,130.80036558718518,EXCESO
715073335721,DETERGENTE ARIEL 500G,185.0,22,1.51,122.93906371550528,EXCESO
715073335721,DETERGENTE ARIEL 500G,180.0,18,1.65,109.27701254034332,EXCESO
715073335721,DETERGENTE ARIEL 500G,235.0,21,1.62,145.29099383478092,EXCESO
715073335721,DETERGENTE ARIEL 500G,210.0,23,1.5,140.6244722650286,EXCESO
715073335721,DETERGENTE ARIEL 500G,151.0,18,1.82,83.16530690743326,EXCESO
715073335721,DETERGENTE ARIEL 500G,157.0,26,1.92,81.84568821480764,EXCESO
715073335721,DETERGENTE ARIEL 500G,134.0,23,1.26,106.35243568146348,EXCESO
715073335721,DETERGENTE ARIEL 500G,261.0,26,1.91,136.7387331547283,EXCESO
715073335721,DETERGENTE ARIEL 500G,228.0,19,1.53,149.10932905204612,EXCESO
715073335721,DETERGENTE ARIEL 500G,97.0,26,1.08,90.52918237724697,EXCESO
715073335721,DETERGENTE ARIEL 500G,156.0,24,1.29,121.58915007464947,EXCESO
715073335721,DETERGENTE ARIEL 500G,129.0,24,1.21,106.66235996417151,EXCESO
715073335721,DETERGENTE ARIEL 500G,238.0,21,1.61,147.89400784702224,EXCESO
715073335721,DETERGENTE ARIEL 500G,230.0,20,1.66,138.9483246194996,EXCESO
715073335721,DETERGENTE ARIEL 500G,162.0,23,1.17,138.68300932977965,EXCESO
715073335721,DETERGENTE ARIEL 500G,153.0,23,1.36,112.80852118564792,EXCESO
715073335721,DETERGENTE ARIEL 500G,121.0,24,1.11,109.03736516363657,EXCESO
715073335721,DETERGENTE ARIEL 500G,153.0,17,1.55,99.13849503514943,EXCESO
715073335721,DETERGENTE ARIEL 500G,111.0,23,1.33,83.9462847655649,EXCESO
715073335721,DETERGENTE ARIEL 500G,181.0,18,1.29,140.5305663378537,EXCESO
715073335721,DETERGENTE ARIEL 500G,191.0,21,1.4,136.90307063910544,EXCESO
715073335721,DETERGENTE ARIEL 500G,268.0,20,1.79,149.98023713002914,EXCESO
715073335721,DETERGENTE ARIEL 500G,227.0,19,1.52,149.76457859517336,EXCESO
715073335721,DETERGENTE ARIEL 500G,189.0,25,1.59,118.88021939218392,EXCESO
715073335721,DETERGENTE ARIEL 500G,252.0,19,1.89,133.82911906263573,EXCESO
715073335721,DETERGENTE ARIEL 500G,235.0,26,1.61,146.13360109176995,EXCESO
715073335721,DETERGENTE ARIEL 500G,255.0,25,1.83,139.4753173474188,EXCESO
715073335721,DETERGENTE ARIEL 500G,131.0,25,1.35,97.31436712202384,EXCESO
715073335721,DETERGENTE ARIEL 500G,120.0,26,1.08,111.53808947170654,EXCESO
715073335721,DETERGENTE ARIEL 500G,131.0,18,1.48,89.04115906060466,EXCESO
715073335721,DETERGENTE ARIEL 500G,268.0,19,1.83,146.78357190811056,EXCESO
715073335721,DETERGENTE ARIEL 500G,200.0,18,1.64,122.4322244115616,EXCESO
715073335721,DETERGENTE ARIEL 500G,134.0,18,1.4,96.00499638524239,EXCESO
715073335721,DETERGENTE ARIEL 500G,241.0,19,1.9,127.01904790840997,EXCESO
715073335721,DETERGENTE ARIEL 500G,239.0,25,1.94,123.26897683205272,EXCESO
715902139323,BARRA DE CEREAL 30G,164.0,14,1.57,105.07139026229883,EXCESO
715902139323,BARRA DE CEREAL 30G,160.0,9,1.83,87.94903145397403,EXCESO
715902139323,BARRA DE CEREAL 30G,142.0,14,1.12,127.01012369149598,EXCESO
715902139323,BARRA DE CEREAL 30G,145.0,10,1.25,116.42153906326553,EXCESO
715902139323,BARRA DE CEREAL 30G,207.0,10,1.55,134.06228742149474,EXCESO
715902139323,BARRA DE CEREAL 30G,194.0,9,1.67,116.41144507783955,EXCESO
715902139323,BARRA DE CEREAL 30G,223.0,12,1.6,139.65270502229782,EXCESO
715902139323,BARRA DE CEREAL 30G,187.0,10,1.58,118.633478714214,EXCESO
715902139323,BARRA DE CEREAL 30G,190.0,13,1.6,119.26565800747704,EXCESO
715902139323,BARRA DE CEREAL 30G,173.0,13,1.23,141.36575218608414,EXCESO
715902139323,BARRA DE CEREAL 30G,128.0,11,1.19,108.2438006348678,EXCESO
715902139323,BARRA DE CEREAL 30G,111.0,12,1.25,89.38106599154486,EXCESO
715902139323,BARRA DE CEREAL 30G,81.0,10,0.99,82.01478734193373,EXCESO
715902139323,BARRA DE CEREAL 30G,183.0,11,1.38,132.85960789715332,EXCESO
715902139323,BARRA DE CEREAL 30G,172.0,12,1.4,123.42166859474253,EXCESO
715902139323,BARRA DE CEREAL 30G,165.0,9,1.28,129.28558376694565,EXCESO
715902139323,BARRA DE CEREAL 30G,163.0,12,1.72,94.90749130562375,EXCESO
715902139323,BARRA DE CEREAL 30G,110.0,13,1.23,89.54600329107389,EXCESO
715902139323,BARRA DE CEREAL 30G,123.0,12,1.53,81.01812659675174,EXCESO
715902139323,BARRA DE CEREAL 30G,140.0,11,1.34,104.54112911646179,EXCESO
715902139323,BARRA DE CEREAL 30G,206.0,10,1.7,121.29423807982431,EXCESO
715902139323,BARRA DE CEREAL 30G,141.0,14,1.32,107.45708315698127,EXCESO
715902139323,BARRA DE CEREAL 30G,125.0,13,1.13,110.62324454166104,EXCESO
715902139323,BARRA DE CEREAL 30G,156.0,13,1.09,143.2911086145624,EXCESO
715902139323,BARRA DE CEREAL 30G,115.0,10,1.11,104.37788269163103,EXCESO
715902139323,BARRA DE CEREAL 30G,193.0,13,1.67,115.97926424118675,EXCESO
715902139323,BARRA DE CEREAL 30G,218.0,12,1.62,134.85571089188002,EXCESO
715902139323,BARRA DE CEREAL 30G,177.0,9,1.65,107.75799476248892,EXCESO
715902139323,BARRA DE CEREAL 30G,226.0,14,1.83,123.54606901595115,EXCESO
715902139323,BARRA DE CEREAL 30G,160.0,11,1.14,140.36545961227216,EXCESO
715902139323,BARRA DE CEREAL 30G,232.0,13,1.59,146.46644365603495,EXCESO
715902139323,BARRA DE CEREAL 30G,142.0,13,1.58,90.29514366503265,EXCESO
715902139323,BARRA DE CEREAL 30G,150.0,12,1.04,144.86113376130461,EXCESO
715902139323,BARRA DE CEREAL 30G,178.0,13,1.56,114.44814051556767,EXCESO
715902139323,BARRA DE CEREAL 30G,129.0,10,1.32,98.07710718092709,EXCESO
715902139323,BARRA DE CEREAL 30G,126.0,11,1.13,112.1395029366783,EXCESO
716447097258,CHIPS DE PAPA 35G,211.0,8,1.98,107.0271846460542,EXCESO
716447097258,CHIPS DE PAPA 35G,266.0,7,1.81,147.283339467674,EXCESO
716447097258,CHIPS DE PAPA 35G,268.0,6,1.87,143.37454493692445,EXCESO
716447097258,CHIPS DE PAPA 35G,202.0,8,2.16,93.70537943525075,EXCESO
716447097258,CHIPS DE PAPA 35G,105.0,7,1.24,84.85529106126158,EXCESO
716447097258,CHIPS DE PAPA 35G,118.0,8,1.36,87.05446009641986,EXCESO
716447097258,CHIPS DE PAPA 35G,112.0,7,1.39,81.27552779560848,EXCESO
716447097258,CHIPS DE PAPA 35G,183.0,7,2.12,86.61100725291499,EXCESO
716447097258,CHIPS DE PAPA 35G,247.0,7,1.94,127.81047413914499,EXCESO
716447097258,CHIPS DE PAPA 35G,171.0,6,2.02,84.98320539221604,EXCESO
716447097258,CHIPS DE PAPA 35G,167.0,5,1.64,102.3282941205633,EXCESO
716447097258,CHIPS DE PAPA 35G,226.0,7,1.63,139.1412717678618,EXCESO
716447097258,CHIPS DE PAPA 35G,144.0,7,1.77,81.62903550150781,EXCESO
716447097258,CHIPS DE PAPA 35G,275.0,7,2.01,137.0127937812255,EXCESO
716447097258,CHIPS DE PAPA 35G,179.0,6,1.8,99.729834234138,EXCESO
716447097258,CHIPS DE PAPA 35G,147.0,6,1.67,88.27153793351593,EXCESO
716447097258,CHIPS DE PAPA 35G,258.0,8,2.01,128.77160157549054,EXCESO
716447097258,CHIPS DE PAPA 35G,267.0,7,2.16,124.02599927459188,EXCESO
716447097258,CHIPS DE PAPA 35G,193.0,7,1.37,141.4230409468937,EXCESO
716447097258,CHIPS DE PAPA 35G,252.0,7,1.92,131.454973066272,EXCESO
716447097258,CHIPS DE PAPA 35G,183.0,6,1.35,136.2436651269394,EXCESO
716447097258,CHIPS DE PAPA 35G,165.0,7,1.66,99.74242007999146,EXCESO
716447097258,CHIPS DE PAPA 35G,160.0,7,1.74,92.4207680645806,EXCESO
716447097258,CHIPS DE PAPA 35G,286.0,5,2.16,132.54303261486007,EXCESO
716447097258,CHIPS DE PAPA 35G,181.0,7,1.33,136.4784317487085,EXCESO
716447097258,CHIPS DE PAPA 35G,241.0,7,1.62,149.3353599400471,EXCESO
716447097258,CHIPS DE PAPA 35G,213.0,7,1.96,108.88323738379985,EXCESO
716447097258,CHIPS DE PAPA 35G,171.0,5,1.62,106.04126600549482,EXCESO
716447097258,CHIPS DE PAPA 35G,298.0,6,2.22,134.34890725193978,EXCESO
716447097258,CHIPS DE PAPA 35G,133.0,7,1.29,103.85624781771125,EXCESO
716447097258,CHIPS DE PAPA 35G,312.0,5,2.15,145.1530127922495,EXCESO
716447097258,CHIPS DE PAPA 35G,303.0,7,2.17,140.08889262901084,EXCESO
716447097258,CHIPS DE PAPA 35G,203.0,6,1.85,110.02958191625129,EXCESO
716447097258,CHIPS DE PAPA 35G,169.0,6,1.28,132.56097474540482,EXCESO
716447097258,CHIPS DE PAPA 35G,248.0,7,1.87,132.81800118592776,EXCESO
716447097258,CHIPS DE PAPA 35G,110.0,6,1.27,87.21867081851528,EXCESO
723241178329,SUAVIZANTE AYUDIN 500ML,139.0,4,2.2,63.39007566615462,NORMAL
723241178329,SUAVIZANTE AYUDIN 500ML,117.0,4,1.89,62.26165342607661,NORMAL
723241178329,SUAVIZANTE AYUDIN 500ML,108.0,3,1.96,55.12726027546814,NORMAL
723241178329,SUAVIZANTE AYUDIN 500ML,112.0,3,2.08,53.89135150146939,NORMAL
723241178329,SUAVIZANTE AYUDIN 500ML,121.0,3,2.18,55.69538612250901,NORMAL
723241178329,SUAVIZANTE AYUDIN 500ML,127.0,4,2.16,58.85442413772212,NORMAL
723241178329,SUAVIZANTE AYUDIN 500ML,107.0,4,1.99,54.02095461234315,NORMAL
723241178329,SUAVIZANTE AYUDIN 500ML,105.0,3,1.78,59.36223361773701,NORMAL
723241178329,SUAVIZANTE AYUDIN 500ML,78.0,4,1.4,56.1411747828686,NORMAL
723241178329,SUAVIZANTE AYUDIN 500ML,100.0,4,1.72,58.2807077127797,NORMAL
723241178329,SUAVIZANTE AYUDIN 500ML,106.0,4,1.89,56.54189793702975,NORMAL
723241178329,SUAVIZANTE AYUDIN 500ML,89.0,3,1.64,54.41698639312877,NORMAL
723241178329,SUAVIZANTE AYUDIN 500ML,125.0,3,1.96,64.22679960443236,NORMAL
723241178329,SUAVIZANTE AYUDIN 500ML,84.0,4,1.37,61.45408691239641,NORMAL
723241178329,SUAVIZANTE AYUDIN 500ML,112.0,4,2.15,52.10169763649679,NORMAL
723241178329,SUAVIZANTE AYUDIN 500ML,85.0,4,1.35,63.027019638468694,NORMAL
723241178329,SUAVIZANTE AYUDIN 500ML,111.0,4,1.94,57.31146797374271,NORMAL
723241178329,SUAVIZANTE AYUDIN 500ML,123.0,3,1.95,63.41828340341137,NORMAL
723241178329,SUAVIZANTE AYUDIN 500ML,127.0,3,2.05,61.99782883920973,NORMAL
723241178329,SUAVIZANTE AYUDIN 500ML,81.0,3,1.44,56.3782025670385,NORMAL
723241178329,SUAVIZANTE AYUDIN 500ML,112.0,4,2.23,50.33703962480176,NORMAL
723241178329,SUAVIZANTE AYUDIN 500ML,87.0,3,1.62,54.03016039077419,NORMAL
723241178329,SUAVIZANTE AYUDIN 500ML,109.0,3,1.88,58.124513219913005,NORMAL
723241178329,SUAVIZANTE AYUDIN 500ML,135.0,4,2.27,59.50217329739221,NORMAL
723241178329,SUAVIZANTE AYUDIN 500ML,112.0,4,2.08,53.868315281498035,NORMAL
723241178329,SUAVIZANTE AYUDIN 500ML,93.0,3,1.79,52.090341111092364,NORMAL
723241178329,SUAVIZANTE AYUDIN 500ML,134.0,3,2.15,62.523953551989486,NORMAL
723241178329,SUAVIZANTE AYUDIN 500ML,115.0,4,1.78,64.76603271055328,NORMAL
723241178329,SUAVIZANTE AYUDIN 500ML,89.0,3,1.54,57.88535273454029,NORMAL
723241178329,SUAVIZANTE AYUDIN 500ML,97.0,4,1.85,52.575189287724555,NORMAL
723241178329,SUAVIZANTE AYUDIN 500ML,73.0,4,1.35,54.084609897790536,NORMAL
723241178329,SUAVIZANTE AYUDIN 500ML,83.0,4,1.66,50.275860148212004,NORMAL
723241178329,SUAVIZANTE AYUDIN 500ML,124.0,4,1.95,63.71448209840749,NORMAL
723241178329,SUAVIZANTE AYUDIN 500ML,100.0,4,1.95,51.76626624335212,NORMAL
723241178329,SUAVIZANTE AYUDIN 500ML,110.0,4,1.89,58.6477471327138,NORMAL
723241178329,SUAVIZANTE AYUDIN 500ML,101.0,4,1.88,54.110828310308094,NORMAL
723750230102,VELA AROMÁTICA,106.0,5,1.94,54.67583101693322,NORMAL
723750230102,VELA AROMÁTICA,77.0,6,1.44,53.72733709721699,NORMAL
723750230102,VELA AROMÁTICA,121.0,5,1.98,61.15919438859015,NORMAL
723750230102,VELA AROMÁTICA,82.0,6,1.63,50.50298652103669,NORMAL
723750230102,VELA AROMÁTICA,82.0,5,1.41,58.54834527306975,NORMAL
723750230102,VELA AROMÁTICA,105.0,5,1.72,61.43688028611036,NORMAL
723750230102,VELA AROMÁTICA,105.0,6,1.67,63.15148455142624,NORMAL
723750230102,VELA AROMÁTICA,71.0,6,1.3,55.13122623073861,NORMAL
723750230102,VELA AROMÁTICA,126.0,5,2.03,62.31885957008019,NORMAL
723750230102,VELA AROMÁTICA,109.0,6,2.11,51.65947605432811,NORMAL
723750230102,VELA AROMÁTICA,120.0,5,1.92,62.696784376017774,NORMAL
723750230102,VELA AROMÁTICA,97.0,7,1.87,51.91232993497974,NORMAL
723750230102,VELA AROMÁTICA,97.0,4,1.74,55.959309358405505,NORMAL
723750230102,VELA AROMÁTICA,111.0,6,1.8,61.95943048669331,NORMAL
723750230102,VELA AROMÁTICA,107.0,5,2.05,52.24876141023161,NORMAL
723750230102,VELA AROMÁTICA,106.0,6,2.0,53.438770928489625,NORMAL
723750230102,VELA AROMÁTICA,80.0,5,1.33,60.833788525896,NORMAL
723750230102,VELA AROMÁTICA,85.0,6,1.41,60.80054804819112,NORMAL
723750230102,VELA AROMÁTICA,123.0,5,2.07,59.61721449327946,NORMAL
723750230102,VELA AROMÁTICA,105.0,6,1.75,60.4092266670065,NORMAL
723750230102,VELA AROMÁTICA,87.0,5,1.5,58.140866650213944,NORMAL
723750230102,VELA AROMÁTICA,113.0,6,2.11,53.77698588360429,NORMAL
723750230102,VELA AROMÁTICA,71.0,5,1.3,55.18543990255879,NORMAL
723750230102,VELA AROMÁTICA,78.0,6,1.48,52.723965752021385,NORMAL
723750230102,VELA AROMÁTICA,76.0,4,1.21,63.62675842000442,NORMAL
723750230102,VELA AROMÁTICA,96.0,5,1.65,58.75087692149181,NORMAL
723750230102,VELA AROMÁTICA,89.0,6,1.59,56.012771251454595,NORMAL
723750230102,VELA AROMÁTICA,104.0,7,1.83,56.93008705466199,NORMAL
723750230102,VELA AROMÁTICA,120.0,7,1.87,64.20925009417724,NORMAL
723750230102,VELA AROMÁTICA,110.0,6,2.11,52.3002710467412,NORMAL
723750230102,VELA AROMÁTICA,88.0,5,1.5,58.793447480251956,NORMAL
723750230102,VELA AROMÁTICA,67.0,4,1.18,57.58833018326699,NORMAL
723750230102,VELA AROMÁTICA,72.0,6,1.23,59.17181353151972,NORMAL
723750230102,VELA AROMÁTICA,89.0,6,1.79,50.27165275731261,NORMAL
723750230102,VELA AROMÁTICA,109.0,4,1.74,63.08185863416227,NORMAL
723750230102,VELA AROMÁTICA,90.0,6,1.42,63.981774237254186,NORMAL
724030223967,ALCOHOL GEL 100ML,19.0,16,1.57,12.427653651669052,CRÍTICO
724030223967,ALCOHOL GEL 100ML,9.0,14,1.65,5.515827816728276,CRÍTICO
724030223967,ALCOHOL GEL 100ML,30.0,11,1.62,18.63980603118173,CRÍTICO
724030223967,ALCOHOL GEL 100ML,14.0,13,1.62,8.881699724000253,CRÍTICO
724030223967,ALCOHOL GEL 100ML,17.0,15,1.14,14.93783426530973,CRÍTICO
724030223967,ALCOHOL GEL 100ML,15.0,12,1.65,9.675666141341164,CRÍTICO
724030223967,ALCOHOL GEL 100ML,15.0,13,1.19,12.801020317667163,CRÍTICO
724030223967,ALCOHOL GEL 100ML,20.0,13,1.58,13.200654190149194,CRÍTICO
724030223967,ALCOHOL GEL 100ML,14.0,16,1.82,7.7728168328829055,CRÍTICO
724030223967,ALCOHOL GEL 100ML,29.0,13,1.52,19.54376941646838,CRÍTICO
724030223967,ALCOHOL GEL 100ML,19.0,14,1.2,16.626992350416717,CRÍTICO
724030223967,ALCOHOL GEL 100ML,28.0,12,1.49,19.09248412346284,CRÍTICO
724030223967,ALCOHOL GEL 100ML,21.0,11,1.16,18.422410256414732,CRÍTICO
724030223967,ALCOHOL GEL 100ML,28.0,12,2.01,13.968499682166277,CRÍTICO
724030223967,ALCOHOL GEL 100ML,24.0,15,1.32,18.82811352534675,CRÍTICO
724030223967,ALCOHOL GEL 100ML,8.0,16,1.28,6.327387530778792,CRÍTICO
724030223967,ALCOHOL GEL 100ML,12.0,16,1.62,7.939742936287178,CRÍTICO
724030223967,ALCOHOL GEL 100ML,8.0,15,1.5,5.678409333658071,CRÍTICO
724030223967,ALCOHOL GEL 100ML,19.0,16,1.94,9.879954961448966,CRÍTICO
724030223967,ALCOHOL GEL 100ML,18.0,16,1.69,10.830159345342231,CRÍTICO
724030223967,ALCOHOL GEL 100ML,18.0,14,2.0,9.070235476608438,CRÍTICO
724030223967,ALCOHOL GEL 100ML,20.0,11,1.17,17.43106263727894,CRÍTICO
724030223967,ALCOHOL GEL 100ML,18.0,16,1.83,10.35129990040384,CRÍTICO
724030223967,ALCOHOL GEL 100ML,13.0,15,1.49,9.214017645310712,CRÍTICO
724030223967,ALCOHOL GEL 100ML,18.0,13,1.39,13.140441247373728,CRÍTICO
724030223967,ALCOHOL GEL 100ML,13.0,13,1.94,7.11386337462144,CRÍTICO
724030223967,ALCOHOL GEL 100ML,25.0,11,1.52,17.032954711310595,CRÍTICO
724030223967,ALCOHOL GEL 100ML,6.0,16,1.1,6.118259655196562,CRÍTICO
724030223967,ALCOHOL GEL 100ML,33.0,14,1.7,19.80330404900776,CRÍTICO
724030223967,ALCOHOL GEL 100ML,26.0,12,1.61,16.58367153944986,CRÍTICO
724030223967,ALCOHOL GEL 100ML,12.0,15,1.61,7.980735223012586,CRÍTICO
724030223967,ALCOHOL GEL 100ML,8.0,12,1.74,5.082831756854036,CRÍTICO
724030223967,ALCOHOL GEL 100ML,19.0,14,1.15,17.231921426822513,CRÍTICO
724030223967,ALCOHOL GEL 100ML,21.0,12,1.37,15.602860157714257,CRÍTICO
724030223967,ALCOHOL GEL 100ML,29.0,14,1.87,15.93510752061481,CRÍTICO
724030223967,ALCOHOL GEL 100ML,27.0,16,1.64,16.569055200289185,CRÍTICO
725515179735,ENERGIZANTE MR BUBBLE 250ML,45.0,25,1.35,33.524629050032075,BAJO
725515179735,ENERGIZANTE MR BUBBLE 250ML,37.0,28,1.42,26.40512151742139,CRÍTICO
725515179735,ENERGIZANTE MR BUBBLE 250ML,33.0,27,1.09,30.515737045891502,BAJO
725515179735,ENERGIZANTE MR BUBBLE 250ML,38.0,24,1.33,28.978035515225884,CRÍTICO
725515179735,ENERGIZANTE MR BUBBLE 250ML,43.0,24,1.53,28.659844650686253,CRÍTICO
725515179735,ENERGIZANTE MR BUBBLE 250ML,48.0,20,1.23,39.59515832128668,BAJO
725515179735,ENERGIZANTE MR BUBBLE 250ML,39.0,21,1.29,30.896465870001407,BAJO
725515179735,ENERGIZANTE MR BUBBLE 250ML,50.0,27,1.32,38.3806983276567,BAJO
725515179735,ENERGIZANTE MR BUBBLE 250ML,34.0,21,1.0,34.46707938995894,BAJO
725515179735,ENERGIZANTE MR BUBBLE 250ML,43.0,23,1.18,36.922169553124725,BAJO
725515179735,ENERGIZANTE MR BUBBLE 250ML,42.0,26,1.31,32.53955639657788,BAJO
725515179735,ENERGIZANTE MR BUBBLE 250ML,33.0,20,1.0,33.65355826939539,BAJO
725515179735,ENERGIZANTE MR BUBBLE 250ML,46.0,19,1.44,32.387765407282956,BAJO
725515179735,ENERGIZANTE MR BUBBLE 250ML,36.0,19,1.3,27.928644816970667,CRÍTICO
725515179735,ENERGIZANTE MR BUBBLE 250ML,61.0,20,1.73,35.83678172892258,BAJO
725515179735,ENERGIZANTE MR BUBBLE 250ML,47.0,23,1.64,29.211585436612836,CRÍTICO
725515179735,ENERGIZANTE MR BUBBLE 250ML,32.0,25,1.29,25.364739496471806,CRÍTICO
725515179735,ENERGIZANTE MR BUBBLE 250ML,45.0,25,1.31,34.68208443860752,BAJO
725515179735,ENERGIZANTE MR BUBBLE 250ML,32.0,24,1.19,27.656660191105736,CRÍTICO
725515179735,ENERGIZANTE MR BUBBLE 250ML,54.0,25,1.4,39.106878765293715,BAJO
725515179735,ENERGIZANTE MR BUBBLE 250ML,71.0,28,1.81,39.30892865503881,BAJO
725515179735,ENERGIZANTE MR BUBBLE 250ML,59.0,27,1.54,38.72296585330673,BAJO
725515179735,ENERGIZANTE MR BUBBLE 250ML,39.0,23,1.3,30.552380503831664,BAJO
725515179735,ENERGIZANTE MR BUBBLE 250ML,37.0,26,1.49,25.231849247933013,CRÍTICO
725515179735,ENERGIZANTE MR BUBBLE 250ML,70.0,23,1.82,38.92477843881588,BAJO
725515179735,ENERGIZANTE MR BUBBLE 250ML,47.0,22,1.51,31.422762224759715,BAJO
725515179735,ENERGIZANTE MR BUBBLE 250ML,56.0,24,1.42,39.49982228565504,BAJO
725515179735,ENERGIZANTE MR BUBBLE 250ML,54.0,25,1.39,39.45429965633879,BAJO
725515179735,ENERGIZANTE MR BUBBLE 250ML,50.0,27,1.34,37.7951418320104,BAJO
725515179735,ENERGIZANTE MR BUBBLE 250ML,49.0,25,1.67,29.416733381043784,CRÍTICO
725515179735,ENERGIZANTE MR BUBBLE 250ML,45.0,25,1.49,30.77646592902888,BAJO
725515179735,ENERGIZANTE MR BUBBLE 250ML,56.0,20,1.49,37.76705007275285,BAJO
725515179735,ENERGIZANTE MR BUBBLE 250ML,30.0,22,1.03,29.753830077344166,CRÍTICO
725515179735,ENERGIZANTE MR BUBBLE 250ML,33.0,21,1.23,27.542391200291387,CRÍTICO
725515179735,ENERGIZANTE MR BUBBLE 250ML,55.0,28,1.66,33.352018936875254,BAJO
725515179735,ENERGIZANTE MR BUBBLE 250ML,63.0,26,1.63,39.04232161241171,BAJO
731342889773,CABLE JACK 3.5MM 1MT,85.0,20,1.46,58.476997753838134,NORMAL
731342889773,CABLE JACK 3.5MM 1MT,61.0,22,1.02,60.449762358153386,NORMAL
731342889773,CABLE JACK 3.5MM 1MT,102.0,18,1.6,63.837490717659435,NORMAL
731342889773,CABLE JACK 3.5MM 1MT,72.0,20,1.2,60.60857951470098,NORMAL
731342889773,CABLE JACK 3.5MM 1MT,62.0,19,1.2,52.28808564371392,NORMAL
731342889773,CABLE JACK 3.5MM 1MT,67.0,19,1.15,58.6443254025022,NORMAL
731342889773,CABLE JACK 3.5MM 1MT,88.0,23,1.49,59.10072569574284,NORMAL
731342889773,CABLE JACK 3.5MM 1MT,87.0,22,1.55,56.36196006953579,NORMAL
731342889773,CABLE JACK 3.5MM 1MT,68.0,18,1.12,61.04666353437084,NORMAL
731342889773,CABLE JACK 3.5MM 1MT,88.0,22,1.39,64.01550522153522,NORMAL
731342889773,CABLE JACK 3.5MM 1MT,92.0,20,1.45,63.88352769360164,NORMAL
731342889773,CABLE JACK 3.5MM 1MT,56.0,21,1.0,56.76259057106198,NORMAL
731342889773,CABLE JACK 3.5MM 1MT,89.0,16,1.74,51.69857068761133,NORMAL
731342889773,CABLE JACK 3.5MM 1MT,70.0,21,1.09,64.77261798443502,NORMAL
731342889773,CABLE JACK 3.5MM 1MT,94.0,21,1.51,62.58347129668901,NORMAL
731342889773,CABLE JACK 3.5MM 1MT,59.0,19,1.15,51.869940218049,NORMAL
731342889773,CABLE JACK 3.5MM 1MT,89.0,16,1.41,63.81262823926058,NORMAL
731342889773,CABLE JACK 3.5MM 1MT,98.0,20,1.57,63.04844543093192,NORMAL
731342889773,CABLE JACK 3.5MM 1MT,73.0,20,1.28,57.782570856891084,NORMAL
731342889773,CABLE JACK 3.5MM 1MT,84.0,16,1.44,58.86913153617394,NORMAL
731342889773,CABLE JACK 3.5MM 1MT,78.0,18,1.4,55.985040558051956,NORMAL
731342889773,CABLE JACK 3.5MM 1MT,59.0,18,1.18,50.82142458233047,NORMAL
731342889773,CABLE JACK 3.5MM 1MT,84.0,22,1.54,55.027958624688516,NORMAL
731342889773,CABLE JACK 3.5MM 1MT,84.0,22,1.37,62.042801728970176,NORMAL
731342889773,CABLE JACK 3.5MM 1MT,73.0,20,1.46,50.069480345069046,NORMAL
731342889773,CABLE JACK 3.5MM 1MT,81.0,17,1.48,55.00248757536716,NORMAL
731342889773,CABLE JACK 3.5MM 1MT,78.0,17,1.41,55.97253040386415,NORMAL
731342889773,CABLE JACK 3.5MM 1MT,95.0,16,1.65,58.060934044068844,NORMAL
731342889773,CABLE JACK 3.5MM 1MT,84.0,16,1.32,63.79783424619141,NORMAL
731342889773,CABLE JACK 3.5MM 1MT,62.0,22,1.14,55.19518991548942,NORMAL
731342889773,CABLE JACK 3.5MM 1MT,82.0,20,1.49,55.20429802844342,NORMAL
731342889773,CABLE JACK 3.5MM 1MT,67.0,16,1.1,61.06251872164623,NORMAL
731342889773,CABLE JACK 3.5MM 1MT,84.0,18,1.49,56.78326911334711,NORMAL
731342889773,CABLE JACK 3.5MM 1MT,54.0,23,1.02,53.36907234409973,NORMAL
731342889773,CABLE JACK 3.5MM 1MT,68.0,20,1.2,56.786592741990404,NORMAL
731342889773,CABLE JACK 3.5MM 1MT,82.0,23,1.58,52.112855305696996,NORMAL
737328112719,PALITOS SALADOS 100G,36.0,9,1.06,34.899760690512686,BAJO
737328112719,PALITOS SALADOS 100G,57.0,9,1.54,37.25833300301824,BAJO
737328112719,PALITOS SALADOS 100G,51.0,9,1.55,33.32801217399194,BAJO
737328112719,PALITOS SALADOS 100G,29.0,10,0.9,32.9447586753401,BAJO
737328112719,PALITOS SALADOS 100G,27.0,8,0.95,28.627784363506777,CRÍTICO
737328112719,PALITOS SALADOS 100G,25.0,9,0.96,26.396541517088487,CRÍTICO
737328112719,PALITOS SALADOS 100G,37.0,8,0.98,38.458236369299904,BAJO
737328112719,PALITOS SALADOS 100G,33.0,8,0.88,38.506270857449955,BAJO
737328112719,PALITOS SALADOS 100G,49.0,8,1.44,34.49652185909902,BAJO
737328112719,PALITOS SALADOS 100G,47.0,8,1.58,30.08544686573051,BAJO
737328112719,PALITOS SALADOS 100G,32.0,8,1.08,30.238143619189913,BAJO
737328112719,PALITOS SALADOS 100G,42.0,7,1.19,35.88933518305359,BAJO
737328112719,PALITOS SALADOS 100G,36.0,7,0.96,38.45665389928865,BAJO
737328112719,PALITOS SALADOS 100G,44.0,8,1.15,38.306296363976756,BAJO
737328112719,PALITOS SALADOS 100G,58.0,8,1.59,36.69813318786436,BAJO
737328112719,PALITOS SALADOS 100G,32.0,9,0.94,34.630474692314316,BAJO
737328112719,PALITOS SALADOS 100G,27.0,7,1.06,26.262099474925733,CRÍTICO
737328112719,PALITOS SALADOS 100G,27.0,7,1.0,27.424430711419205,CRÍTICO
737328112719,PALITOS SALADOS 100G,46.0,8,1.21,38.47831282790619,BAJO
737328112719,PALITOS SALADOS 100G,41.0,10,1.22,34.09643589489385,BAJO
737328112719,PALITOS SALADOS 100G,21.0,8,0.87,25.137955774249445,CRÍTICO
737328112719,PALITOS SALADOS 100G,28.0,8,1.08,26.522073142990482,CRÍTICO
737328112719,PALITOS SALADOS 100G,30.0,10,0.86,34.95252653662084,BAJO
737328112719,PALITOS SALADOS 100G,37.0,9,1.51,25.075923757693282,CRÍTICO
737328112719,PALITOS SALADOS 100G,38.0,8,1.4,27.41212077126248,CRÍTICO
737328112719,PALITOS SALADOS 100G,32.0,9,0.97,33.23100684049879,BAJO
737328112719,PALITOS SALADOS 100G,32.0,8,0.92,35.3784279653904,BAJO
737328112719,PALITOS SALADOS 100G,31.0,7,0.91,34.779418892539006,BAJO
737328112719,PALITOS SALADOS 100G,34.0,7,1.22,28.3640396419084,CRÍTICO
737328112719,PALITOS SALADOS 100G,33.0,9,0.93,35.68268832021304,BAJO
737328112719,PALITOS SALADOS 100G,31.0,9,1.09,28.558736312452,CRÍTICO
737328112719,PALITOS SALADOS 100G,32.0,8,1.09,29.880995472389017,CRÍTICO
737328112719,PALITOS SALADOS 100G,37.0,8,1.04,36.19737107677037,BAJO
737328112719,PALITOS SALADOS 100G,42.0,9,1.21,34.74449348570822,BAJO
737328112719,PALITOS SALADOS 100G,40.0,10,1.08,37.738351157412666,BAJO
737328112719,PALITOS SALADOS 100G,55.0,10,1.58,34.86419338450515,BAJO
743543068824,CARGADOR USB 2.4A,253.0,26,1.84,137.53020415032495,EXCESO
743543068824,CARGADOR USB 2.4A,225.0,29,1.74,129.43695590095473,EXCESO
743543068824,CARGADOR USB 2.4A,178.0,31,2.08,85.69441464493298,EXCESO
743543068824,CARGADOR USB 2.4A,165.0,31,1.92,85.93863998596343,EXCESO
743543068824,CARGADOR USB 2.4A,237.0,30,1.59,149.06477049508229,EXCESO
743543068824,CARGADOR USB 2.4A,143.0,23,1.35,106.19895570292843,EXCESO
743543068824,CARGADOR USB 2.4A,233.0,32,2.2,105.94495029468237,EXCESO
743543068824,CARGADOR USB 2.4A,305.0,26,2.23,136.89596970802518,EXCESO
743543068824,CARGADOR USB 2.4A,251.0,33,1.72,146.3074004168701,EXCESO
743543068824,CARGADOR USB 2.4A,211.0,27,1.42,149.02007446760098,EXCESO
743543068824,CARGADOR USB 2.4A,258.0,28,1.95,132.73647296812592,EXCESO
743543068824,CARGADOR USB 2.4A,190.0,28,1.79,106.3381709871641,EXCESO
743543068824,CARGADOR USB 2.4A,157.0,23,1.84,85.84505016890681,EXCESO
743543068824,CARGADOR USB 2.4A,221.0,25,1.65,134.40028411492057,EXCESO
743543068824,CARGADOR USB 2.4A,254.0,23,2.14,119.08829748150634,EXCESO
743543068824,CARGADOR USB 2.4A,195.0,31,1.78,109.69554064728834,EXCESO
743543068824,CARGADOR USB 2.4A,238.0,27,1.66,143.4448069566315,EXCESO
743543068824,CARGADOR USB 2.4A,167.0,27,1.91,87.7838237614306,EXCESO
743543068824,CARGADOR USB 2.4A,143.0,25,1.25,114.48375730036014,EXCESO
743543068824,CARGADOR USB 2.4A,102.0,22,1.27,80.79475513371933,EXCESO
743543068824,CARGADOR USB 2.4A,155.0,25,1.38,112.80624493958884,EXCESO
743543068824,CARGADOR USB 2.4A,130.0,30,1.56,83.94122929772861,EXCESO
743543068824,CARGADOR USB 2.4A,149.0,22,1.69,88.31725413876504,EXCESO
743543068824,CARGADOR USB 2.4A,142.0,27,1.62,88.22683727439734,EXCESO
743543068824,CARGADOR USB 2.4A,198.0,31,1.58,125.44472114812444,EXCESO
743543068824,CARGADOR USB 2.4A,210.0,33,1.59,132.22314154857963,EXCESO
743543068824,CARGADOR USB 2.4A,163.0,33,1.35,120.83581355680117,EXCESO
743543068824,CARGADOR USB 2.4A,181.0,30,1.23,147.35207839321794,EXCESO
743543068824,CARGADOR USB 2.4A,158.0,25,1.49,106.24094056665928,EXCESO
743543068824,CARGADOR USB 2.4A,126.0,25,1.27,99.99984603973024,EXCESO
743543068824,CARGADOR USB 2.4A,180.0,24,1.28,140.80193897326222,EXCESO
743543068824,CARGADOR USB 2.4A,138.0,26,1.45,95.65170869636168,EXCESO
743543068824,CARGADOR USB 2.4A,308.0,28,2.09,147.4255777608428,EXCESO
743543068824,CARGADOR USB 2.4A,109.0,28,1.35,80.85081322828714,EXCESO
743543068824,CARGADOR USB 2.4A,316.0,29,2.14,147.89151786953474,EXCESO
743543068824,CARGADOR USB 2.4A,151.0,30,1.82,83.02119383654033,EXCESO
743752337768,BEBIDA COCA COLA 500ML,69.0,16,1.96,35.440446950124596,BAJO
743752337768,BEBIDA COCA COLA 500ML,67.0,13,2.01,33.550917551340476,BAJO
743752337768,BEBIDA COCA COLA 500ML,50.0,15,1.92,26.457647406561527,CRÍTICO
743752337768,BEBIDA COCA COLA 500ML,67.0,15,1.96,34.22510840048754,BAJO
743752337768,BEBIDA COCA COLA 500ML,69.0,16,1.74,39.85080775156395,BAJO
743752337768,BEBIDA COCA COLA 500ML,40.0,18,1.51,27.10126022854786,CRÍTICO
743752337768,BEBIDA COCA COLA 500ML,42.0,15,1.3,32.77494478545605,BAJO
743752337768,BEBIDA COCA COLA 500ML,43.0,14,1.15,38.16059607891933,BAJO
743752337768,BEBIDA COCA COLA 500ML,54.0,19,1.52,36.11152926631307,BAJO
743752337768,BEBIDA COCA COLA 500ML,73.0,14,2.06,35.45523611492902,BAJO
743752337768,BEBIDA COCA COLA 500ML,65.0,18,1.85,35.53726125980664,BAJO
743752337768,BEBIDA COCA COLA 500ML,39.0,13,1.29,30.392367268296326,BAJO
743752337768,BEBIDA COCA COLA 500ML,60.0,14,2.05,29.4038776639674,CRÍTICO
743752337768,BEBIDA COCA COLA 500ML,46.0,14,1.24,37.140417332177705,BAJO
743752337768,BEBIDA COCA COLA 500ML,57.0,16,1.56,37.15170092018771,BAJO
743752337768,BEBIDA COCA COLA 500ML,77.0,15,2.04,38.006084778701556,BAJO
743752337768,BEBIDA COCA COLA 500ML,44.0,14,1.16,38.69860828834707,BAJO
743752337768,BEBIDA COCA COLA 500ML,48.0,13,1.49,32.67013598291407,BAJO
743752337768,BEBIDA COCA COLA 500ML,42.0,16,1.32,32.522744420307994,BAJO
743752337768,BEBIDA COCA COLA 500ML,66.0,17,1.8,36.97442768450163,BAJO
743752337768,BEBIDA COCA COLA 500ML,67.0,17,1.93,34.74945896166648,BAJO
743752337768,BEBIDA COCA COLA 500ML,66.0,13,1.86,35.52950315886555,BAJO
743752337768,BEBIDA COCA COLA 500ML,62.0,13,1.69,36.93689004154152,BAJO
743752337768,BEBIDA COCA COLA 500ML,59.0,16,1.56,38.350080127263496,BAJO
743752337768,BEBIDA COCA COLA 500ML,42.0,13,1.43,30.069927352773036,BAJO
743752337768,BEBIDA COCA COLA 500ML,56.0,16,1.86,30.63374428959916,BAJO
743752337768,BEBIDA COCA COLA 500ML,30.0,13,1.15,26.409729097613035,CRÍTICO
743752337768,BEBIDA COCA COLA 500ML,43.0,16,1.28,33.67420211494261,BAJO
743752337768,BEBIDA COCA COLA 500ML,32.0,16,1.29,25.53913410695113,CRÍTICO
743752337768,BEBIDA COCA COLA 500ML,64.0,14,2.01,31.9839702719869,BAJO
743752337768,BEBIDA COCA COLA 500ML,55.0,13,1.67,33.13966952061365,BAJO
743752337768,BEBIDA COCA COLA 500ML,46.0,14,1.6,29.298118781924266,CRÍTICO
743752337768,BEBIDA COCA COLA 500ML,58.0,18,1.73,33.86249890853516,BAJO
743752337768,BEBIDA COCA COLA 500ML,32.0,18,1.27,25.457503749085742,CRÍTICO
743752337768,BEBIDA COCA COLA 500ML,37.0,14,1.46,25.560222831238217,CRÍTICO
743752337768,BEBIDA COCA COLA 500ML,47.0,16,1.27,37.33900840989487,BAJO
753061660635,GOMA DE MASCAR 5UN,108.0,11,2.07,52.64580479759335,NORMAL
753061660635,GOMA DE MASCAR 5UN,65.0,10,1.14,57.475516591092195,NORMAL
753061660635,GOMA DE MASCAR 5UN,102.0,9,1.82,56.28388174256822,NORMAL
753061660635,GOMA DE MASCAR 5UN,107.0,10,1.68,63.7226885160215,NORMAL
753061660635,GOMA DE MASCAR 5UN,98.0,8,1.78,55.4359084867495,NORMAL
753061660635,GOMA DE MASCAR 5UN,69.0,9,1.18,58.70882525417065,NORMAL
753061660635,GOMA DE MASCAR 5UN,77.0,8,1.3,59.48396431879296,NORMAL
753061660635,GOMA DE MASCAR 5UN,86.0,10,1.72,50.196416848825,NORMAL
753061660635,GOMA DE MASCAR 5UN,75.0,9,1.26,59.95306058025066,NORMAL
753061660635,GOMA DE MASCAR 5UN,109.0,8,2.07,52.67053950304627,NORMAL
753061660635,GOMA DE MASCAR 5UN,121.0,10,1.88,64.41605476204182,NORMAL
753061660635,GOMA DE MASCAR 5UN,69.0,9,1.33,52.2299409162967,NORMAL
753061660635,GOMA DE MASCAR 5UN,89.0,11,1.6,56.219361855905355,NORMAL
753061660635,GOMA DE MASCAR 5UN,79.0,8,1.55,51.28024502117966,NORMAL
753061660635,GOMA DE MASCAR 5UN,96.0,10,1.49,64.95311377768921,NORMAL
753061660635,GOMA DE MASCAR 5UN,117.0,11,2.05,57.53292515496864,NORMAL
753061660635,GOMA DE MASCAR 5UN,98.0,8,1.67,58.930775259800654,NORMAL
753061660635,GOMA DE MASCAR 5UN,66.0,9,1.3,51.006147160826416,NORMAL
753061660635,GOMA DE MASCAR 5UN,113.0,9,1.86,61.24940705598767,NORMAL
753061660635,GOMA DE MASCAR 5UN,86.0,10,1.62,53.148583896433784,NORMAL
753061660635,GOMA DE MASCAR 5UN,117.0,9,1.85,63.470814341610705,NORMAL
753061660635,GOMA DE MASCAR 5UN,86.0,10,1.63,53.07709460723011,NORMAL
753061660635,GOMA DE MASCAR 5UN,62.0,10,1.18,52.860315809955,NORMAL
753061660635,GOMA DE MASCAR 5UN,102.0,8,2.02,50.54824501772142,NORMAL
753061660635,GOMA DE MASCAR 5UN,73.0,11,1.28,57.08100417664999,NORMAL
753061660635,GOMA DE MASCAR 5UN,97.0,10,1.66,58.472616998939245,NORMAL
753061660635,GOMA DE MASCAR 5UN,92.0,9,1.81,50.98562959142529,NORMAL
753061660635,GOMA DE MASCAR 5UN,116.0,11,1.89,61.63291425042516,NORMAL
753061660635,GOMA DE MASCAR 5UN,89.0,8,1.57,56.799332521220414,NORMAL
753061660635,GOMA DE MASCAR 5UN,66.0,9,1.15,57.8658540399137,NORMAL
753061660635,GOMA DE MASCAR 5UN,86.0,8,1.53,56.61144120407342,NORMAL
753061660635,GOMA DE MASCAR 5UN,95.0,8,1.71,56.01144591312989,NORMAL
753061660635,GOMA DE MASCAR 5UN,85.0,8,1.46,58.394604969623266,NORMAL
753061660635,GOMA DE MASCAR 5UN,62.0,8,1.19,52.32860368896069,NORMAL
753061660635,GOMA DE MASCAR 5UN,90.0,10,1.72,52.728921957429066,NORMAL
753061660635,GOMA DE MASCAR 5UN,120.0,8,1.91,62.92678431520276,NORMAL
753619764384,PARAGUAS TRANSPARENTE,263.0,9,1.85,142.38001795886498,EXCESO
753619764384,PARAGUAS TRANSPARENTE,203.0,8,1.74,116.93907763604099,EXCESO
753619764384,PARAGUAS TRANSPARENTE,270.0,8,1.81,149.50753572835103,EXCESO
753619764384,PARAGUAS TRANSPARENTE,169.0,8,1.99,85.16575953147792,EXCESO
753619764384,PARAGUAS TRANSPARENTE,270.0,8,2.28,118.76979990809245,EXCESO
753619764384,PARAGUAS TRANSPARENTE,292.0,7,1.98,147.85117749333693,EXCESO
753619764384,PARAGUAS TRANSPARENTE,268.0,8,2.3,116.61684909191041,EXCESO
753619764384,PARAGUAS TRANSPARENTE,239.0,8,1.93,124.05790466946837,EXCESO
753619764384,PARAGUAS TRANSPARENTE,261.0,7,2.03,128.70240822892322,EXCESO
753619764384,PARAGUAS TRANSPARENTE,235.0,10,2.11,111.81787453374412,EXCESO
753619764384,PARAGUAS TRANSPARENTE,192.0,7,1.55,123.92906560588443,EXCESO
753619764384,PARAGUAS TRANSPARENTE,187.0,7,1.55,120.90200183461701,EXCESO
753619764384,PARAGUAS TRANSPARENTE,299.0,7,2.09,143.08106073436923,EXCESO
753619764384,PARAGUAS TRANSPARENTE,113.0,8,1.36,83.18124662390206,EXCESO
753619764384,PARAGUAS TRANSPARENTE,186.0,8,1.87,99.66742327145613,EXCESO
753619764384,PARAGUAS TRANSPARENTE,307.0,10,2.1,146.5288038853591,EXCESO
753619764384,PARAGUAS TRANSPARENTE,261.0,9,1.84,142.31846487236413,EXCESO
753619764384,PARAGUAS TRANSPARENTE,217.0,7,1.94,111.8959726949999,EXCESO
753619764384,PARAGUAS TRANSPARENTE,182.0,10,1.48,123.40928184610758,EXCESO
753619764384,PARAGUAS TRANSPARENTE,192.0,7,1.94,99.41668280867928,EXCESO
753619764384,PARAGUAS TRANSPARENTE,183.0,9,1.97,93.16848118066329,EXCESO
753619764384,PARAGUAS TRANSPARENTE,140.0,8,1.25,112.45888834579875,EXCESO
753619764384,PARAGUAS TRANSPARENTE,207.0,9,1.98,104.7346559618237,EXCESO
753619764384,PARAGUAS TRANSPARENTE,164.0,10,1.36,120.85592782956104,EXCESO
753619764384,PARAGUAS TRANSPARENTE,117.0,9,1.38,85.44142458754894,EXCESO
753619764384,PARAGUAS TRANSPARENTE,240.0,7,1.62,148.20763653663164,EXCESO
753619764384,PARAGUAS TRANSPARENTE,192.0,8,1.29,149.0347521135722,EXCESO
753619764384,PARAGUAS TRANSPARENTE,170.0,10,1.32,128.87131998138216,EXCESO
753619764384,PARAGUAS TRANSPARENTE,244.0,10,2.08,117.52674564408844,EXCESO
753619764384,PARAGUAS TRANSPARENTE,226.0,7,2.23,101.66693314004294,EXCESO
753619764384,PARAGUAS TRANSPARENTE,316.0,8,2.31,136.96565137948642,EXCESO
753619764384,PARAGUAS TRANSPARENTE,216.0,7,1.69,127.93118207877154,EXCESO
753619764384,PARAGUAS TRANSPARENTE,146.0,9,1.6,91.38318575414239,EXCESO
753619764384,PARAGUAS TRANSPARENTE,248.0,7,1.73,143.76490291456898,EXCESO
753619764384,PARAGUAS TRANSPARENTE,265.0,8,1.93,137.57760700462183,EXCESO
753619764384,PARAGUAS TRANSPARENTE,194.0,7,1.33,146.4859939304347,EXCESO
757114722560,PASTEL DE MANJAR 80G,12.0,11,2.1,6.110669776011355,CRÍTICO
757114722560,PASTEL DE MANJAR 80G,21.0,10,2.1,10.376985928164089,CRÍTICO
757114722560,PASTEL DE MANJAR 80G,9.0,11,1.39,6.738035892876946,CRÍTICO
757114722560,PASTEL DE MANJAR 80G,22.0,9,1.28,17.946551388133905,CRÍTICO
757114722560,PASTEL DE MANJAR 80G,24.0,9,1.68,14.349471902413368,CRÍTICO
757114722560,PASTEL DE MANJAR 80G,20.0,10,2.04,9.963470372789738,CRÍTICO
757114722560,PASTEL DE MANJAR 80G,13.0,10,2.27,5.953375254290354,CRÍTICO
757114722560,PASTEL DE MANJAR 80G,15.0,10,1.58,9.664734825734932,CRÍTICO
757114722560,PASTEL DE MANJAR 80G,16.0,8,1.71,9.877749830401205,CRÍTICO
757114722560,PASTEL DE MANJAR 80G,28.0,8,1.81,15.94409267507096,CRÍTICO
757114722560,PASTEL DE MANJAR 80G,25.0,11,1.78,14.563362070328196,CRÍTICO
757114722560,PASTEL DE MANJAR 80G,36.0,8,2.01,18.308191138644897,CRÍTICO
757114722560,PASTEL DE MANJAR 80G,27.0,11,2.27,12.08322387742924,CRÍTICO
757114722560,PASTEL DE MANJAR 80G,11.0,9,1.71,6.793913689074525,CRÍTICO
757114722560,PASTEL DE MANJAR 80G,22.0,8,1.45,15.698671808344924,CRÍTICO
757114722560,PASTEL DE MANJAR 80G,22.0,10,1.4,16.411775729253463,CRÍTICO
757114722560,PASTEL DE MANJAR 80G,27.0,8,2.03,13.419157963542444,CRÍTICO
757114722560,PASTEL DE MANJAR 80G,34.0,10,2.06,16.564507699318415,CRÍTICO
757114722560,PASTEL DE MANJAR 80G,25.0,9,2.03,12.40693394546586,CRÍTICO
757114722560,PASTEL DE MANJAR 80G,28.0,9,2.21,12.840992440729911,CRÍTICO
757114722560,PASTEL DE MANJAR 80G,26.0,8,2.32,11.413115275378244,CRÍTICO
757114722560,PASTEL DE MANJAR 80G,10.0,10,1.94,5.3812869011614275,CRÍTICO
757114722560,PASTEL DE MANJAR 80G,12.0,9,1.96,6.618371404899567,CRÍTICO
757114722560,PASTEL DE MANJAR 80G,11.0,11,2.16,5.471437785301013,CRÍTICO
757114722560,PASTEL DE MANJAR 80G,22.0,8,1.54,14.546156168956706,CRÍTICO
757114722560,PASTEL DE MANJAR 80G,12.0,9,1.26,9.7153397161449,CRÍTICO
757114722560,PASTEL DE MANJAR 80G,18.0,8,1.43,12.628560367470541,CRÍTICO
757114722560,PASTEL DE MANJAR 80G,42.0,10,2.31,18.613497108891394,CRÍTICO
757114722560,PASTEL DE MANJAR 80G,15.0,11,1.8,8.739383437233124,CRÍTICO
757114722560,PASTEL DE MANJAR 80G,22.0,11,2.06,11.155743845534445,CRÍTICO
757114722560,PASTEL DE MANJAR 80G,27.0,9,1.67,16.33326707814573,CRÍTICO
757114722560,PASTEL DE MANJAR 80G,15.0,8,1.86,8.431972482374338,CRÍTICO
757114722560,PASTEL DE MANJAR 80G,13.0,10,2.23,6.1546986474318945,CRÍTICO
757114722560,PASTEL DE MANJAR 80G,15.0,11,1.67,9.34627179370652,CRÍTICO
757114722560,PASTEL DE MANJAR 80G,14.0,11,1.95,7.418319308810066,CRÍTICO
757114722560,PASTEL DE MANJAR 80G,27.0,8,1.46,18.945464785138597,CRÍTICO
759743227841,CABLE USB 1MT,103.0,16,1.91,54.153164722208054,NORMAL
759743227841,CABLE USB 1MT,118.0,15,1.91,62.09301919689592,NORMAL
759743227841,CABLE USB 1MT,81.0,12,1.33,61.22389535575488,NORMAL
759743227841,CABLE USB 1MT,65.0,15,1.24,52.76781529034566,NORMAL
759743227841,CABLE USB 1MT,83.0,14,1.58,53.140239850050655,NORMAL
759743227841,CABLE USB 1MT,92.0,12,1.67,55.55708154187073,NORMAL
759743227841,CABLE USB 1MT,101.0,17,1.78,57.26784477786532,NORMAL
759743227841,CABLE USB 1MT,106.0,13,1.8,59.27382157295444,NORMAL
759743227841,CABLE USB 1MT,100.0,17,1.81,55.53370459354659,NORMAL
759743227841,CABLE USB 1MT,78.0,15,1.37,56.93802074199722,NORMAL
759743227841,CABLE USB 1MT,106.0,14,1.74,61.21206407200635,NORMAL
759743227841,CABLE USB 1MT,73.0,17,1.45,50.55024804335897,NORMAL
759743227841,CABLE USB 1MT,93.0,17,1.73,53.78655416516031,NORMAL
759743227841,CABLE USB 1MT,103.0,12,1.7,60.70024378826829,NORMAL
759743227841,CABLE USB 1MT,71.0,15,1.13,63.42810256530799,NORMAL
759743227841,CABLE USB 1MT,83.0,14,1.44,57.675161631734994,NORMAL
759743227841,CABLE USB 1MT,110.0,17,1.91,57.98170227897973,NORMAL
759743227841,CABLE USB 1MT,76.0,14,1.48,51.60758017009664,NORMAL
759743227841,CABLE USB 1MT,67.0,12,1.19,56.71118550235182,NORMAL
759743227841,CABLE USB 1MT,70.0,14,1.22,57.98925899682535,NORMAL
759743227841,CABLE USB 1MT,102.0,13,1.92,53.63705755452094,NORMAL
759743227841,CABLE USB 1MT,61.0,14,1.13,54.038648464240715,NORMAL
759743227841,CABLE USB 1MT,94.0,17,1.7,55.65926244656934,NORMAL
759743227841,CABLE USB 1MT,82.0,12,1.64,50.3010679666659,NORMAL
759743227841,CABLE USB 1MT,77.0,12,1.41,54.83118748374768,NORMAL
759743227841,CABLE USB 1MT,97.0,12,1.84,53.17172010494817,NORMAL
759743227841,CABLE USB 1MT,96.0,17,1.76,54.91246028266872,NORMAL
759743227841,CABLE USB 1MT,61.0,13,1.19,51.79643197728877,NORMAL
759743227841,CABLE USB 1MT,126.0,17,2.0,63.35790921109842,NORMAL
759743227841,CABLE USB 1MT,80.0,16,1.37,58.903886803310726,NORMAL
759743227841,CABLE USB 1MT,122.0,16,2.04,60.186534787167346,NORMAL
759743227841,CABLE USB 1MT,73.0,14,1.19,61.837568579110076,NORMAL
759743227841,CABLE USB 1MT,101.0,17,1.76,57.47663298393586,NORMAL
759743227841,CABLE USB 1MT,105.0,16,2.05,51.303804321311354,NORMAL
759743227841,CABLE USB 1MT,100.0,15,1.73,58.05659812727822,NORMAL
759743227841,CABLE USB 1MT,118.0,16,2.01,58.802616770313186,NORMAL
769620372572,CHOCOLATE NESTLE 45G,96.0,27,1.83,52.80565622836285,NORMAL
769620372572,CHOCOLATE NESTLE 45G,93.0,29,1.7,54.85518854606366,NORMAL
769620372572,CHOCOLATE NESTLE 45G,96.0,36,1.71,56.381546579246255,NORMAL
769620372572,CHOCOLATE NESTLE 45G,102.0,27,1.78,57.614155680266826,NORMAL
769620372572,CHOCOLATE NESTLE 45G,107.0,29,2.0,53.636145986226204,NORMAL
769620372572,CHOCOLATE NESTLE 45G,81.0,32,1.58,51.72255237108806,NORMAL
769620372572,CHOCOLATE NESTLE 45G,115.0,34,1.96,59.15930063662449,NORMAL
769620372572,CHOCOLATE NESTLE 45G,91.0,37,1.69,54.32945829860384,NORMAL
769620372572,CHOCOLATE NESTLE 45G,113.0,32,1.93,58.718573321339186,NORMAL
769620372572,CHOCOLATE NESTLE 45G,102.0,32,1.96,52.315440729113035,NORMAL
769620372572,CHOCOLATE NESTLE 45G,88.0,26,1.54,57.217101527822265,NORMAL
769620372572,CHOCOLATE NESTLE 45G,69.0,32,1.2,57.98884148827379,NORMAL
769620372572,CHOCOLATE NESTLE 45G,94.0,34,1.87,50.7773530523364,NORMAL
769620372572,CHOCOLATE NESTLE 45G,66.0,35,1.2,55.04906417290881,NORMAL
769620372572,CHOCOLATE NESTLE 45G,87.0,33,1.68,52.016220154084614,NORMAL
769620372572,CHOCOLATE NESTLE 45G,82.0,30,1.61,50.950624557091515,NORMAL
769620372572,CHOCOLATE NESTLE 45G,139.0,28,2.15,64.84940348584918,NORMAL
769620372572,CHOCOLATE NESTLE 45G,84.0,29,1.55,54.83530767462084,NORMAL
769620372572,CHOCOLATE NESTLE 45G,112.0,36,1.81,62.148116687819524,NORMAL
769620372572,CHOCOLATE NESTLE 45G,65.0,27,1.22,53.81960982145646,NORMAL
769620372572,CHOCOLATE NESTLE 45G,101.0,32,1.69,60.22254083335894,NORMAL
769620372572,CHOCOLATE NESTLE 45G,128.0,27,2.1,61.403417898345296,NORMAL
769620372572,CHOCOLATE NESTLE 45G,71.0,35,1.22,58.934581109117666,NORMAL
769620372572,CHOCOLATE NESTLE 45G,108.0,33,1.9,57.073642828252375,NORMAL
769620372572,CHOCOLATE NESTLE 45G,113.0,34,2.02,56.17761371220903,NORMAL
769620372572,CHOCOLATE NESTLE 45G,83.0,31,1.52,55.23302399814493,NORMAL
769620372572,CHOCOLATE NESTLE 45G,119.0,30,1.87,63.94293716371739,NORMAL
769620372572,CHOCOLATE NESTLE 45G,113.0,32,1.82,62.45929111681593,NORMAL
769620372572,CHOCOLATE NESTLE 45G,121.0,38,1.88,64.47540365999768,NORMAL
769620372572,CHOCOLATE NESTLE 45G,60.0,29,1.17,51.86445835228317,NORMAL
769620372572,CHOCOLATE NESTLE 45G,76.0,27,1.25,60.963012128054665,NORMAL
769620372572,CHOCOLATE NESTLE 45G,94.0,37,1.48,64.07510685231557,NORMAL
769620372572,CHOCOLATE NESTLE 45G,87.0,36,1.66,52.718495992484904,NORMAL
769620372572,CHOCOLATE NESTLE 45G,100.0,34,1.97,50.99744401050166,NORMAL
769620372572,CHOCOLATE NESTLE 45G,73.0,29,1.2,61.116809739350884,NORMAL
769620372572,CHOCOLATE NESTLE 45G,117.0,37,2.01,58.61709669769868,NORMAL
769771202578,AGUA MINERAL 500ML,87.0,6,1.37,64.19173193200449,NORMAL
769771202578,AGUA MINERAL 500ML,96.0,6,1.74,55.599639744196296,NORMAL
769771202578,AGUA MINERAL 500ML,94.0,6,1.74,54.06117009715331,NORMAL
769771202578,AGUA MINERAL 500ML,81.0,6,1.37,59.65999314858524,NORMAL
769771202578,AGUA MINERAL 500ML,103.0,5,1.85,56.13101256647145,NORMAL
769771202578,AGUA MINERAL 500ML,90.0,6,1.8,50.38079533490517,NORMAL
769771202578,AGUA MINERAL 500ML,76.0,6,1.46,52.34228896049286,NORMAL
769771202578,AGUA MINERAL 500ML,83.0,6,1.37,60.739583432710965,NORMAL
769771202578,AGUA MINERAL 500ML,77.0,6,1.29,59.88385912865227,NORMAL
769771202578,AGUA MINERAL 500ML,62.0,6,1.24,50.40643988755225,NORMAL
769771202578,AGUA MINERAL 500ML,65.0,6,1.22,53.32958242899424,NORMAL
769771202578,AGUA MINERAL 500ML,55.0,8,1.03,53.46612194882107,NORMAL
769771202578,AGUA MINERAL 500ML,110.0,8,1.84,60.078391153980924,NORMAL
769771202578,AGUA MINERAL 500ML,76.0,6,1.52,50.29565806631546,NORMAL
769771202578,AGUA MINERAL 500ML,79.0,6,1.54,51.56162872976861,NORMAL
769771202578,AGUA MINERAL 500ML,97.0,5,1.58,61.99874128059784,NORMAL
769771202578,AGUA MINERAL 500ML,70.0,7,1.33,52.678169930815,NORMAL
769771202578,AGUA MINERAL 500ML,80.0,7,1.34,59.79119161777812,NORMAL
769771202578,AGUA MINERAL 500ML,91.0,6,1.7,53.5727417157009,NORMAL
769771202578,AGUA MINERAL 500ML,60.0,6,1.18,51.49162089139018,NORMAL
769771202578,AGUA MINERAL 500ML,69.0,6,1.3,53.64758286499181,NORMAL
769771202578,AGUA MINERAL 500ML,90.0,6,1.48,60.83400397783489,NORMAL
769771202578,AGUA MINERAL 500ML,82.0,5,1.31,62.835447021594284,NORMAL
769771202578,AGUA MINERAL 500ML,86.0,7,1.38,62.45329796850487,NORMAL
769771202578,AGUA MINERAL 500ML,82.0,8,1.47,55.95775294427682,NORMAL
769771202578,AGUA MINERAL 500ML,108.0,5,1.81,60.021277048559696,NORMAL
769771202578,AGUA MINERAL 500ML,59.0,5,1.12,53.07476443123731,NORMAL
769771202578,AGUA MINERAL 500ML,99.0,6,1.82,54.3972159539152,NORMAL
769771202578,AGUA MINERAL 500ML,98.0,7,1.56,63.445037277816795,NORMAL
769771202578,AGUA MINERAL 500ML,91.0,6,1.82,50.19502885266104,NORMAL
769771202578,AGUA MINERAL 500ML,87.0,7,1.71,51.282627962817024,NORMAL
769771202578,AGUA MINERAL 500ML,87.0,7,1.64,53.11829382719041,NORMAL
769771202578,AGUA MINERAL 500ML,73.0,6,1.45,50.39798305810729,NORMAL
769771202578,AGUA MINERAL 500ML,69.0,6,1.32,52.72153152634696,NORMAL
769771202578,AGUA MINERAL 500ML,58.0,5,1.0,58.745623414545385,NORMAL
769771202578,AGUA MINERAL 500ML,85.0,6,1.51,56.32136825888747,NORMAL
777858530950,GALLETA MARIA 200G,124.0,9,1.92,64.70048862928215,NORMAL
777858530950,GALLETA MARIA 200G,141.0,10,2.46,57.38927140989304,NORMAL
777858530950,GALLETA MARIA 200G,92.0,8,1.69,54.931274154312625,NORMAL
777858530950,GALLETA MARIA 200G,95.0,7,1.6,59.50101281475089,NORMAL
777858530950,GALLETA MARIA 200G,105.0,8,1.97,53.6021842816729,NORMAL
777858530950,GALLETA MARIA 200G,95.0,10,1.87,51.13794992162996,NORMAL
777858530950,GALLETA MARIA 200G,78.0,7,1.51,51.93319582865974,NORMAL
777858530950,GALLETA MARIA 200G,95.0,7,1.83,51.92068758436659,NORMAL
777858530950,GALLETA MARIA 200G,131.0,8,2.52,52.27854040268441,NORMAL
777858530950,GALLETA MARIA 200G,125.0,7,2.41,52.08240758974115,NORMAL
777858530950,GALLETA MARIA 200G,128.0,10,2.16,59.61312117204822,NORMAL
777858530950,GALLETA MARIA 200G,104.0,9,1.98,52.728201265987174,NORMAL
777858530950,GALLETA MARIA 200G,141.0,8,2.57,55.18500924985795,NORMAL
777858530950,GALLETA MARIA 200G,159.0,8,2.51,63.45182614859018,NORMAL
777858530950,GALLETA MARIA 200G,102.0,8,1.79,57.10942460394308,NORMAL
777858530950,GALLETA MARIA 200G,127.0,8,2.13,60.013366077815405,NORMAL
777858530950,GALLETA MARIA 200G,90.0,10,1.73,52.58479806802445,NORMAL
777858530950,GALLETA MARIA 200G,89.0,10,1.7,52.88433528213006,NORMAL
777858530950,GALLETA MARIA 200G,74.0,8,1.48,50.61302924399718,NORMAL
777858530950,GALLETA MARIA 200G,126.0,8,2.4,52.534025946082465,NORMAL
777858530950,GALLETA MARIA 200G,119.0,7,2.2,54.17885508547938,NORMAL
777858530950,GALLETA MARIA 200G,130.0,9,2.48,52.6551572641512,NORMAL
777858530950,GALLETA MARIA 200G,106.0,8,2.07,51.33053800635584,NORMAL
777858530950,GALLETA MARIA 200G,98.0,9,1.91,51.80953806650901,NORMAL
777858530950,GALLETA MARIA 200G,119.0,8,2.1,56.91168152049089,NORMAL
777858530950,GALLETA MARIA 200G,129.0,9,2.43,53.095005776086886,NORMAL
777858530950,GALLETA MARIA 200G,79.0,8,1.43,55.46404791572113,NORMAL
777858530950,GALLETA MARIA 200G,135.0,10,2.35,57.55125906282285,NORMAL
777858530950,GALLETA MARIA 200G,147.0,8,2.45,60.35592242944048,NORMAL
777858530950,GALLETA MARIA 200G,124.0,10,2.46,50.58968209761648,NORMAL
777858530950,GALLETA MARIA 200G,159.0,7,2.57,61.991155983635636,NORMAL
777858530950,GALLETA MARIA 200G,147.0,9,2.48,59.418505842363615,NORMAL
777858530950,GALLETA MARIA 200G,85.0,8,1.67,51.22638547923308,NORMAL
777858530950,GALLETA MARIA 200G,130.0,9,2.07,63.10367936160166,NORMAL
777858530950,GALLETA MARIA 200G,115.0,9,1.81,63.8130860079772,NORMAL
777858530950,GALLETA MARIA 200G,125.0,9,2.47,50.916169397822955,NORMAL
778115056522,ADAPTADOR HDMI-VGA,73.0,31,1.2,61.181592112764946,NORMAL
778115056522,ADAPTADOR HDMI-VGA,62.0,32,1.1,56.47489319344519,NORMAL
778115056522,ADAPTADOR HDMI-VGA,76.0,31,1.48,51.913704541933456,NORMAL
778115056522,ADAPTADOR HDMI-VGA,67.0,30,1.25,54.25663858698087,NORMAL
778115056522,ADAPTADOR HDMI-VGA,76.0,27,1.38,55.44623444597953,NORMAL
778115056522,ADAPTADOR HDMI-VGA,67.0,25,1.13,59.68875861997402,NORMAL
778115056522,ADAPTADOR HDMI-VGA,89.0,30,1.53,58.56167457003368,NORMAL
778115056522,ADAPTADOR HDMI-VGA,92.0,27,1.68,55.34145088846769,NORMAL
778115056522,ADAPTADOR HDMI-VGA,86.0,34,1.33,64.7977287318947,NORMAL
778115056522,ADAPTADOR HDMI-VGA,62.0,32,1.06,59.086622290353304,NORMAL
778115056522,ADAPTADOR HDMI-VGA,71.0,32,1.33,53.558401876039916,NORMAL
778115056522,ADAPTADOR HDMI-VGA,87.0,31,1.7,51.52673708930605,NORMAL
778115056522,ADAPTADOR HDMI-VGA,94.0,25,1.81,52.29288708776498,NORMAL
778115056522,ADAPTADOR HDMI-VGA,85.0,25,1.59,53.689365925767625,NORMAL
778115056522,ADAPTADOR HDMI-VGA,78.0,27,1.49,52.41022059889333,NORMAL
778115056522,ADAPTADOR HDMI-VGA,62.0,31,1.19,52.79850536076959,NORMAL
778115056522,ADAPTADOR HDMI-VGA,61.0,33,1.13,54.27642753040771,NORMAL
778115056522,ADAPTADOR HDMI-VGA,98.0,30,1.87,52.600603929421325,NORMAL
778115056522,ADAPTADOR HDMI-VGA,100.0,23,1.58,63.451481369396376,NORMAL
778115056522,ADAPTADOR HDMI-VGA,78.0,34,1.53,51.203506184924635,NORMAL
778115056522,ADAPTADOR HDMI-VGA,69.0,33,1.2,57.86767084355382,NORMAL
778115056522,ADAPTADOR HDMI-VGA,101.0,27,1.81,56.155952404844925,NORMAL
778115056522,ADAPTADOR HDMI-VGA,112.0,34,1.74,64.7356792536291,NORMAL
778115056522,ADAPTADOR HDMI-VGA,88.0,26,1.71,51.680583532520785,NORMAL
778115056522,ADAPTADOR HDMI-VGA,80.0,32,1.44,55.96783398568613,NORMAL
778115056522,ADAPTADOR HDMI-VGA,118.0,27,1.84,64.54205649913054,NORMAL
778115056522,ADAPTADOR HDMI-VGA,68.0,26,1.09,62.982606888409705,NORMAL
778115056522,ADAPTADOR HDMI-VGA,105.0,26,1.69,62.2560810642392,NORMAL
778115056522,ADAPTADOR HDMI-VGA,76.0,26,1.42,53.8685424056741,NORMAL
778115056522,ADAPTADOR HDMI-VGA,59.0,26,1.14,52.563313810850985,NORMAL
778115056522,ADAPTADOR HDMI-VGA,78.0,23,1.3,60.02964829886646,NORMAL
778115056522,ADAPTADOR HDMI-VGA,95.0,23,1.49,63.94063983691379,NORMAL
778115056522,ADAPTADOR HDMI-VGA,62.0,33,1.07,58.351443395208946,NORMAL
778115056522,ADAPTADOR HDMI-VGA,77.0,33,1.33,58.574190342048496,NORMAL
778115056522,ADAPTADOR HDMI-VGA,91.0,25,1.69,54.19968640490426,NORMAL
778115056522,ADAPTADOR HDMI-VGA,99.0,31,1.62,61.54239399787905,NORMAL
778582867497,GOMA DE MASCAR FRUTILLA 5UN,50.0,4,1.76,28.715964842517362,CRÍTICO
778582867497,GOMA DE MASCAR FRUTILLA 5UN,39.0,4,1.29,30.339590179768923,BAJO
778582867497,GOMA DE MASCAR FRUTILLA 5UN,49.0,5,1.37,36.36769165696553,BAJO
778582867497,GOMA DE MASCAR FRUTILLA 5UN,47.0,4,1.88,25.215902329446337,CRÍTICO
778582867497,GOMA DE MASCAR FRUTILLA 5UN,38.0,4,1.45,26.741089607603744,CRÍTICO
778582867497,GOMA DE MASCAR FRUTILLA 5UN,35.0,4,1.4,25.69003963032629,CRÍTICO
778582867497,GOMA DE MASCAR FRUTILLA 5UN,47.0,5,1.87,25.61093203478455,CRÍTICO
778582867497,GOMA DE MASCAR FRUTILLA 5UN,43.0,5,1.15,37.831908760165106,BAJO
778582867497,GOMA DE MASCAR FRUTILLA 5UN,53.0,4,1.51,35.55486789070036,BAJO
778582867497,GOMA DE MASCAR FRUTILLA 5UN,63.0,4,1.98,32.11260743630988,BAJO
778582867497,GOMA DE MASCAR FRUTILLA 5UN,35.0,5,1.35,26.46751240976502,CRÍTICO
778582867497,GOMA DE MASCAR FRUTILLA 5UN,56.0,5,1.76,32.37423812675249,BAJO
778582867497,GOMA DE MASCAR FRUTILLA 5UN,52.0,4,1.64,32.102076561708486,BAJO
778582867497,GOMA DE MASCAR FRUTILLA 5UN,40.0,4,1.45,27.598028048650228,CRÍTICO
778582867497,GOMA DE MASCAR FRUTILLA 5UN,37.0,4,1.2,31.507774738569594,BAJO
778582867497,GOMA DE MASCAR FRUTILLA 5UN,48.0,4,1.55,30.977571015960603,BAJO
778582867497,GOMA DE MASCAR FRUTILLA 5UN,58.0,5,1.7,34.237751470783245,BAJO
778582867497,GOMA DE MASCAR FRUTILLA 5UN,42.0,4,1.22,34.526404763014654,BAJO
778582867497,GOMA DE MASCAR FRUTILLA 5UN,39.0,5,1.55,25.679560146580666,CRÍTICO
778582867497,GOMA DE MASCAR FRUTILLA 5UN,48.0,4,1.59,30.619189219397068,BAJO
778582867497,GOMA DE MASCAR FRUTILLA 5UN,59.0,5,1.72,34.38789873571355,BAJO
778582867497,GOMA DE MASCAR FRUTILLA 5UN,47.0,5,1.47,32.54704387870132,BAJO
778582867497,GOMA DE MASCAR FRUTILLA 5UN,77.0,4,2.04,37.84734761782484,BAJO
778582867497,GOMA DE MASCAR FRUTILLA 5UN,58.0,4,1.69,34.88040447428418,BAJO
778582867497,GOMA DE MASCAR FRUTILLA 5UN,34.0,4,1.26,27.444016406221444,CRÍTICO
778582867497,GOMA DE MASCAR FRUTILLA 5UN,34.0,5,1.33,26.058531211006446,CRÍTICO
778582867497,GOMA DE MASCAR FRUTILLA 5UN,53.0,4,1.54,34.63628917309474,BAJO
778582867497,GOMA DE MASCAR FRUTILLA 5UN,37.0,4,1.48,25.39766965812433,CRÍTICO
778582867497,GOMA DE MASCAR FRUTILLA 5UN,69.0,5,2.07,33.78663371910195,BAJO
778582867497,GOMA DE MASCAR FRUTILLA 5UN,59.0,5,1.53,39.10345362137436,BAJO
778582867497,GOMA DE MASCAR FRUTILLA 5UN,67.0,4,2.0,33.632112668138184,BAJO
778582867497,GOMA DE MASCAR FRUTILLA 5UN,40.0,4,1.32,30.822548893097828,BAJO
778582867497,GOMA DE MASCAR FRUTILLA 5UN,48.0,5,1.41,34.6493232766353,BAJO
778582867497,GOMA DE MASCAR FRUTILLA 5UN,57.0,4,1.8,31.873793357372747,BAJO
778582867497,GOMA DE MASCAR FRUTILLA 5UN,40.0,5,1.21,33.18425183973903,BAJO
778582867497,GOMA DE MASCAR FRUTILLA 5UN,69.0,5,1.78,39.12197213164788,BAJO
792379607791,PASTA DIENTES COLGATE 90ML,36.0,12,1.24,29.179696963549173,CRÍTICO
792379607791,PASTA DIENTES COLGATE 90ML,70.0,11,1.82,38.623988289499806,BAJO
792379607791,PASTA DIENTES COLGATE 90ML,34.0,16,1.21,28.593428360004587,CRÍTICO
792379607791,PASTA DIENTES COLGATE 90ML,48.0,16,1.77,27.173423081368348,CRÍTICO
792379607791,PASTA DIENTES COLGATE 90ML,43.0,15,1.36,32.341791404163445,BAJO
792379607791,PASTA DIENTES COLGATE 90ML,56.0,15,1.41,39.78475681165901,BAJO
792379607791,PASTA DIENTES COLGATE 90ML,57.0,11,2.0,28.630829072672505,CRÍTICO
792379607791,PASTA DIENTES COLGATE 90ML,62.0,11,1.77,35.08203321108818,BAJO
792379607791,PASTA DIENTES COLGATE 90ML,46.0,11,1.29,36.424294229930766,BAJO
792379607791,PASTA DIENTES COLGATE 90ML,49.0,14,1.74,28.564563159885996,CRÍTICO
792379607791,PASTA DIENTES COLGATE 90ML,68.0,16,1.91,35.923245229177894,BAJO
792379607791,PASTA DIENTES COLGATE 90ML,33.0,13,1.11,30.516746990788796,BAJO
792379607791,PASTA DIENTES COLGATE 90ML,50.0,13,1.45,34.48458745890369,BAJO
792379607791,PASTA DIENTES COLGATE 90ML,40.0,12,1.18,34.50294566141342,BAJO
792379607791,PASTA DIENTES COLGATE 90ML,38.0,16,1.16,33.03662026112138,BAJO
792379607791,PASTA DIENTES COLGATE 90ML,51.0,15,1.94,26.354346550816125,CRÍTICO
792379607791,PASTA DIENTES COLGATE 90ML,72.0,11,1.93,37.52953743383857,BAJO
792379607791,PASTA DIENTES COLGATE 90ML,44.0,13,1.48,29.811700974576038,CRÍTICO
792379607791,PASTA DIENTES COLGATE 90ML,35.0,11,1.26,27.797777655997812,CRÍTICO
792379607791,PASTA DIENTES COLGATE 90ML,28.0,16,1.13,25.61162712332146,CRÍTICO
792379607791,PASTA DIENTES COLGATE 90ML,68.0,14,2.02,33.86339414782363,BAJO
792379607791,PASTA DIENTES COLGATE 90ML,57.0,11,1.63,35.163465427634236,BAJO
792379607791,PASTA DIENTES COLGATE 90ML,34.0,16,1.36,25.248817433917843,CRÍTICO
792379607791,PASTA DIENTES COLGATE 90ML,59.0,11,1.83,32.68139587448921,BAJO
792379607791,PASTA DIENTES COLGATE 90ML,48.0,11,1.7,28.39743662796907,CRÍTICO
792379607791,PASTA DIENTES COLGATE 90ML,57.0,15,1.66,34.677591856141746,BAJO
792379607791,PASTA DIENTES COLGATE 90ML,37.0,15,1.34,27.61549643507487,CRÍTICO
792379607791,PASTA DIENTES COLGATE 90ML,60.0,12,1.7,35.36406607153699,BAJO
792379607791,PASTA DIENTES COLGATE 90ML,50.0,14,1.64,30.801030194508062,BAJO
792379607791,PASTA DIENTES COLGATE 90ML,56.0,12,1.45,39.050949831051014,BAJO
792379607791,PASTA DIENTES COLGATE 90ML,36.0,16,1.34,27.0628141621899,CRÍTICO
792379607791,PASTA DIENTES COLGATE 90ML,46.0,12,1.56,30.115995265753877,BAJO
792379607791,PASTA DIENTES COLGATE 90ML,43.0,16,1.63,26.702102818608836,CRÍTICO
792379607791,PASTA DIENTES COLGATE 90ML,52.0,15,1.36,38.87040427417844,BAJO
792379607791,PASTA DIENTES COLGATE 90ML,62.0,12,1.63,38.160090300714714,BAJO
792379607791,PASTA DIENTES COLGATE 90ML,38.0,13,1.33,28.869124415727335,CRÍTICO
799839285278,CAFÉ INSTANTÁNEO 10G,105.0,21,1.68,62.62743165137408,NORMAL
799839285278,CAFÉ INSTANTÁNEO 10G,84.0,29,1.63,52.09658564939434,NORMAL
799839285278,CAFÉ INSTANTÁNEO 10G,89.0,23,1.45,61.92900967789835,NORMAL
799839285278,CAFÉ INSTANTÁNEO 10G,118.0,22,2.24,53.02440980071617,NORMAL
799839285278,CAFÉ INSTANTÁNEO 10G,111.0,26,2.12,52.45483914298557,NORMAL
799839285278,CAFÉ INSTANTÁNEO 10G,76.0,21,1.46,52.463986968964896,NORMAL
799839285278,CAFÉ INSTANTÁNEO 10G,131.0,30,2.12,62.21862080347073,NORMAL
799839285278,CAFÉ INSTANTÁNEO 10G,92.0,28,1.54,59.977958310443,NORMAL
799839285278,CAFÉ INSTANTÁNEO 10G,91.0,28,1.59,57.84598137153679,NORMAL
799839285278,CAFÉ INSTANTÁNEO 10G,78.0,21,1.42,55.38245726185254,NORMAL
799839285278,CAFÉ INSTANTÁNEO 10G,102.0,23,1.63,63.158008112196626,NORMAL
799839285278,CAFÉ INSTANTÁNEO 10G,108.0,28,1.95,55.88667661133953,NORMAL
799839285278,CAFÉ INSTANTÁNEO 10G,141.0,21,2.28,62.24899159207366,NORMAL
799839285278,CAFÉ INSTANTÁNEO 10G,112.0,29,1.98,56.587023628553276,NORMAL
799839285278,CAFÉ INSTANTÁNEO 10G,121.0,21,2.19,55.65416644137361,NORMAL
799839285278,CAFÉ INSTANTÁNEO 10G,93.0,23,1.65,56.940196785044094,NORMAL
799839285278,CAFÉ INSTANTÁNEO 10G,125.0,26,2.3,54.52066811246213,NORMAL
799839285278,CAFÉ INSTANTÁNEO 10G,91.0,29,1.5,61.21414070264377,NORMAL
799839285278,CAFÉ INSTANTÁNEO 10G,103.0,28,1.8,57.54080585138719,NORMAL
799839285278,CAFÉ INSTANTÁNEO 10G,120.0,30,2.26,53.48319042720226,NORMAL
799839285278,CAFÉ INSTANTÁNEO 10G,90.0,26,1.42,63.49361859911853,NORMAL
799839285278,CAFÉ INSTANTÁNEO 10G,131.0,29,2.35,55.75836832059817,NORMAL
799839285278,CAFÉ INSTANTÁNEO 10G,119.0,24,2.05,58.15329291670983,NORMAL
799839285278,CAFÉ INSTANTÁNEO 10G,97.0,27,1.54,63.597081664468206,NORMAL
799839285278,CAFÉ INSTANTÁNEO 10G,133.0,27,2.25,59.36356993870988,NORMAL
799839285278,CAFÉ INSTANTÁNEO 10G,70.0,23,1.36,51.75347061062546,NORMAL
799839285278,CAFÉ INSTANTÁNEO 10G,111.0,20,1.74,64.09748185420213,NORMAL
799839285278,CAFÉ INSTANTÁNEO 10G,112.0,23,1.9,59.415620796071266,NORMAL
799839285278,CAFÉ INSTANTÁNEO 10G,125.0,27,2.28,55.02358421985629,NORMAL
799839285278,CAFÉ INSTANTÁNEO 10G,81.0,23,1.56,52.08908108995081,NORMAL
799839285278,CAFÉ INSTANTÁNEO 10G,132.0,26,2.14,61.91037783905444,NORMAL
799839285278,CAFÉ INSTANTÁNEO 10G,122.0,26,2.06,59.301091338927705,NORMAL
799839285278,CAFÉ INSTANTÁNEO 10G,127.0,29,2.19,58.001916379644825,NORMAL
799839285278,CAFÉ INSTANTÁNEO 10G,83.0,28,1.32,63.40838874576436,NORMAL
799839285278,CAFÉ INSTANTÁNEO 10G,142.0,22,2.3,61.82895816836796,NORMAL
799839285278,CAFÉ INSTANTÁNEO 10G,79.0,27,1.52,52.27512319599127,NORMAL
